{
  "thickness_m": 5e-08,
  "area_m2": 2.5e-15,
  "rho_amor_ohm_m": 1.0,
  "rho_cryst_ohm_m": 0.001,
  "alpha_TCR": 0.001,
  "Tm_K": 900.0,
  "Tamb_K": 300.0,
  "Cth_J_per_K": 1e-11,
  "Rth_K_per_W": 500000.0,
  "series_R_ohm": 500.0,
  "Vth0_V": 1.2,
  "Ihold_A": 5e-05,
  "Ron_ohm": 1000.0,
  "k0_cryst": 10000000000000.0,
  "Ea_cryst_eV": 2.1,
  "avrami_n": 3.0,
  "Tc_K": 430.0,
  "kb_eV": 8.617333262e-05,
  "dt_s": 1e-09,
  "retention_temps_C": [55, 85, 125, 150],
  "target_X": 0.5,
  "weibull_shape": 3.0,
  "weibull_scale": 1000000.0
}